ID do teste,Nº trial,Tamanho,Estado atual,Estado final,Passos,Reinício,Tentativas,Pontuação,Abs(ms),Trial(ms),Click(ms),Sucesso,MinMov,Acum,ID do teste,Nº trial,Tamanho,Estado atual,Estado final,Passos,Reinício,Tentativas,Pontuação,Abs(ms),Trial(ms),Click(ms),Sucesso,MinMov,Acum,ID do teste,Nº trial,Tamanho,Estado atual,Estado final,Passos,Reinício,Tentativas,Pontuação,Abs(ms),Trial(ms),Click(ms),Sucesso,MinMov,Acum
sub,trial,size,T0_current,T0_end,T0_step,T0_reset,T0_tries,T0_score,T0_abstime,T0_trialtime,T0_clicktime,T0_done,T0_movimentos_minimos,T0_pontuacao_acumulada,sub_test1,trial_test1,size_test1,T1_current,T1_end,T1_step,T1_reset,T1_tries,T1_score,T1_abstime,T1_trialtime,T1_clicktime,T1_done,T1_movimentos_minimos,T1_pontuacao_acumulada,sub_test2,trial_test2,size_test2,T2_current,T2_end,T2_step,T2_reset,T2_tries,T2_score,T2_abstime,T2_trialtime,T2_clicktime,T2_done,T2_movimentos_minimos,T2_pontuacao_acumulada
T0_4576_tol,1,3,|32||1|,|23||1|,0,0,1,0,11295,0,0,0,0,0,T1_4576_tol,1,3,|1|3|2|,||21|3|,0,0,1,0,18725,0,0,0,0,0,T2_4576_tol,1,3,||1|32|,|32|1||,0,0,1,0,17425,0,0,0,0,0
T0_4576_tol,1,3,|3|2|1|,|23||1|,1,0,1,0,19694,8399,8399,0,0,0,T1_4576_tol,1,3,|12|3||,||21|3|,1,0,1,0,31214,12489,12489,0,0,0,T2_4576_tol,1,3,||12|3|,|32|1||,1,0,1,0,23899,6474,6474,0,0,0
T0_4576_tol,1,3,||2|13|,|23||1|,2,0,1,0,34431,23136,14737,0,0,0,T1_4576_tol,1,3,|12|3||,||21|3|,2,0,1,0,31999,13274,785,0,0,0,T2_4576_tol,1,3,|3|12||,|32|1||,2,0,1,0,25976,8551,2077,0,0,0
T0_4576_tol,1,3,|2||13|,|23||1|,3,0,1,0,37590,26295,3159,0,0,0,T1_4576_tol,1,3,|12|3||,||21|3|,3,0,1,0,34750,16025,2751,0,0,0,T2_4576_tol,1,3,|32|1||,|32|1||,3,0,1,3,28286,10861,2310,1,3,10
T0_4576_tol,1,3,|23||1|,|23||1|,4,0,1,3,40593,29298,3003,1,4,10,T1_4576_tol,1,3,|12||3|,||21|3|,4,0,1,0,39600,20875,4850,0,0,0,T2_4576_tol,2,3,||3|21|,|13|2||,0,0,1,3,31564,0,0,0,0,10
T0_4576_tol,2,3,|3|1|2|,|23|1||,0,0,1,3,63237,0,0,0,0,10,T1_4576_tol,1,3,|1|2|3|,||21|3|,5,0,1,0,45301,26576,5701,0,0,0,T2_4576_tol,2,3,|1|3|2|,|13|2||,1,0,1,3,40640,9076,9076,0,0,10
T0_4576_tol,2,3,||13|2|,|23|1||,1,0,1,3,71797,8560,8560,0,0,10,T1_4576_tol,1,3,||21|3|,||21|3|,6,0,1,3,47654,28929,2353,1,4,8,T2_4576_tol,2,3,|13||2|,|13|2||,2,0,1,3,42634,11070,1994,0,0,10
T0_4576_tol,2,3,|2|13||,|23|1||,2,0,1,3,74879,11642,3082,0,0,10,T1_4576_tol,2,3,|3|12||,|31|2||,0,0,1,3,82773,0,0,0,0,8,T2_4576_tol,2,3,|13|2||,|13|2||,3,0,1,6,44125,12561,1491,1,3,20
T0_4576_tol,2,3,|23|1||,|23|1||,3,0,1,6,76771,13534,1892,1,3,20,T1_4576_tol,2,3,|3|1|2|,|31|2||,1,0,1,3,88965,6192,6192,0,0,8,T2_4576_tol,3,3,|3|12||,||23|1|,0,0,1,6,45258,0,0,0,0,20
T0_4576_tol,3,3,|3||12|,|||123|,0,0,1,6,79350,0,0,0,0,20,T1_4576_tol,2,3,|31||2|,|31|2||,2,0,1,3,90698,7925,1733,0,0,8,T2_4576_tol,3,3,|32|1||,||23|1|,1,0,1,6,53608,8350,8350,0,0,20
T0_4576_tol,3,3,|||123|,|||123|,1,0,1,9,87278,7928,7928,1,1,30,T1_4576_tol,2,3,|31|2||,|31|2||,3,0,1,6,92395,9622,1697,1,3,18,T2_4576_tol,3,3,|32||1|,||23|1|,2,0,1,6,54770,9512,1162,0,0,20
T0_4576_tol,4,3,|312|||,|23|1||,0,0,1,9,89283,0,0,0,0,30,T1_4576_tol,3,3,|132|||,||13|2|,0,0,1,6,93900,0,0,0,0,18,T2_4576_tol,3,3,|3|2|1|,||23|1|,3,0,1,6,57033,11775,2263,0,0,20
T0_4576_tol,4,3,|31||2|,|23|1||,1,0,1,9,96214,6931,6931,0,0,30,T1_4576_tol,3,3,|13||2|,||13|2|,1,0,1,6,97330,3430,3430,0,0,18,T2_4576_tol,3,3,||23|1|,||23|1|,4,0,1,9,58130,12872,1097,1,4,30
T0_4576_tol,4,3,|3|1|2|,|23|1||,2,0,1,9,98066,8783,1852,0,0,30,T1_4576_tol,3,3,|1||23|,||13|2|,2,0,1,6,99596,5696,2266,0,0,18,T2_4576_tol,4,3,||2|13|,|12|3||,0,0,1,9,60699,0,0,0,0,30
T0_4576_tol,4,3,||13|2|,|23|1||,3,0,1,9,103020,13737,4954,0,0,30,T1_4576_tol,3,3,||1|23|,||13|2|,3,0,1,6,100810,6910,1214,0,0,18,T2_4576_tol,4,3,||23|1|,|12|3||,1,0,1,9,68290,7591,7591,0,0,30
T0_4576_tol,4,3,|2|13||,|23|1||,4,0,1,9,105406,16123,2386,0,0,30,T1_4576_tol,3,3,||13|2|,||13|2|,4,0,1,9,102018,8118,1208,1,4,28,T2_4576_tol,4,3,|1|23||,|12|3||,2,0,1,9,69492,8793,1202,0,0,30
T0_4576_tol,4,3,|23|1||,|23|1||,5,0,1,12,108246,18963,2840,1,5,40,T1_4576_tol,4,3,|2|3|1|,|23||1|,0,0,1,9,103529,0,0,0,0,28,T2_4576_tol,4,3,|1|2|3|,|12|3||,3,0,1,9,71256,10557,1764,0,0,30
T0_4576_tol,5,3,||3|12|,|2|3|1|,0,0,1,12,110919,0,0,0,0,40,T1_4576_tol,4,3,|2||13|,|23||1|,1,0,1,9,110081,6552,6552,0,0,28,T2_4576_tol,4,3,|12||3|,|12|3||,4,0,1,9,72465,11766,1209,0,0,30
T0_4576_tol,5,3,|2|3|1|,|2|3|1|,1,0,1,15,115668,4749,4749,1,1,50,T1_4576_tol,4,3,|2||13|,|23||1|,2,0,1,9,114630,11101,4549,0,0,28,T2_4576_tol,4,3,|12|3||,|12|3||,5,0,1,12,73638,12939,1173,1,5,40
T0_4576_tol,6,3,|12||3|,|32|1||,0,0,1,15,117768,0,0,0,0,50,T1_4576_tol,4,3,|23||1|,|23||1|,3,0,1,12,116519,12990,1889,1,1,36,T2_4576_tol,5,3,||23|1|,||3|12|,0,0,1,12,74929,0,0,0,0,40
T0_4576_tol,6,3,|1|2|3|,|32|1||,1,0,1,15,127293,9525,9525,0,0,50,T1_4576_tol,5,3,||32|1|,|23|1||,0,0,1,12,117448,0,0,0,0,36,T2_4576_tol,5,3,|3|2|1|,||3|12|,1,0,1,12,77609,2680,2680,0,0,40
T0_4576_tol,6,3,||21|3|,|32|1||,2,0,1,15,132358,14590,5065,0,0,50,T1_4576_tol,5,3,|2|3|1|,|23|1||,1,0,1,12,121668,4220,4220,0,0,36,T2_4576_tol,5,3,|3||12|,||3|12|,2,0,1,12,78971,4042,1362,0,0,40
T0_4576_tol,6,3,|3|21||,|32|1||,3,0,1,15,134916,17148,2558,0,0,50,T1_4576_tol,5,3,|23||1|,|23|1||,2,0,1,12,122815,5367,1147,0,0,36,T2_4576_tol,5,3,||3|12|,||3|12|,3,0,1,15,80027,5098,1056,1,3,50
T0_4576_tol,6,3,|3|2|1|,|32|1||,4,0,1,15,138118,20350,3202,0,0,50,T1_4576_tol,5,3,|23|1||,|23|1||,3,0,1,15,123833,6385,1018,1,3,46,T2_4576_tol,6,3,|3|2|1|,|31||2|,0,0,1,15,81774,0,0,0,0,50
T0_4576_tol,6,3,|32||1|,|32|1||,5,0,1,15,140819,23051,2701,0,0,50,T1_4576_tol,6,3,||31|2|,||23|1|,0,0,1,15,126391,0,0,0,0,46,T2_4576_tol,6,3,|31|2||,|31||2|,1,0,1,15,87524,5750,5750,0,0,50
T0_4576_tol,6,3,|32|1||,|32|1||,6,0,1,18,145387,27619,4568,1,5,59,T1_4576_tol,6,3,|1|3|2|,||23|1|,1,0,1,15,130702,4311,4311,0,0,46,T2_4576_tol,6,3,|31||2|,|31||2|,2,0,1,18,88501,6727,977,1,2,60
T0_4576_tol,7,3,|21||3|,|1|2|3|,0,0,1,18,147102,0,0,0,0,59,T1_4576_tol,6,3,|1|32||,||23|1|,2,0,1,15,137181,10790,6479,0,0,46,T2_4576_tol,7,3,|3||21|,||1|32|,0,0,1,18,91819,0,0,0,0,60
T0_4576_tol,7,3,|2||31|,|1|2|3|,1,0,1,18,153261,6159,6159,0,0,59,T1_4576_tol,6,3,||32|1|,||23|1|,3,0,1,15,138309,11918,1128,0,0,46,T2_4576_tol,7,3,|3|1|2|,||1|32|,1,0,1,18,96026,4207,4207,0,0,60
T0_4576_tol,7,3,||2|31|,|1|2|3|,2,0,1,18,156395,9293,3134,0,0,59,T1_4576_tol,6,3,|2|3|1|,||23|1|,4,0,1,15,140177,13786,1868,0,0,46,T2_4576_tol,7,3,||13|2|,||1|32|,2,0,1,18,97754,5935,1728,0,0,60
T0_4576_tol,7,3,|1|2|3|,|1|2|3|,3,0,1,21,158090,10988,1695,1,3,69,T1_4576_tol,6,3,|2||13|,||23|1|,5,0,1,15,141308,14917,1131,0,0,46,T2_4576_tol,7,3,|2|13||,||1|32|,3,0,1,18,100524,8705,2770,0,0,60
T0_4576_tol,8,3,|13|2||,||32|1|,0,0,1,21,160161,0,0,0,0,69,T1_4576_tol,6,3,||2|13|,||23|1|,6,0,1,15,142477,16086,1169,0,0,46,T2_4576_tol,7,3,|2|1|3|,||1|32|,4,0,1,18,101663,9844,1139,0,0,60
T0_4576_tol,8,3,|13||2|,||32|1|,1,0,1,21,166433,6272,6272,0,0,69,T1_4576_tol,6,3,||23|1|,||23|1|,7,0,1,18,143394,17003,917,1,5,54,T2_4576_tol,7,3,||1|32|,||1|32|,5,0,1,21,102989,11170,1326,1,4,69
T0_4576_tol,8,3,|1|3|2|,||32|1|,2,0,1,21,173829,13668,7396,0,0,69,T1_4576_tol,7,3,||23|1|,|2||13|,0,0,1,18,144551,0,0,0,0,54,T2_4576_tol,8,3,|2|31||,||1|32|,0,0,1,21,105797,0,0,0,0,69
T0_4576_tol,8,3,|1|32||,||32|1|,3,0,1,21,176705,16544,2876,0,0,69,T1_4576_tol,7,3,||2|13|,|2||13|,1,0,1,18,147416,2865,2865,0,0,54,T2_4576_tol,8,3,|21|3||,||1|32|,1,0,1,21,110573,4776,4776,0,0,69
T0_4576_tol,8,3,||32|1|,||32|1|,4,0,1,24,178421,18260,1716,1,4,79,T1_4576_tol,7,3,|2||13|,|2||13|,2,0,1,21,148400,3849,984,1,2,64,T2_4576_tol,8,3,|21||3|,||1|32|,2,0,1,21,111979,6182,1406,0,0,69
T0_4576_tol,9,4,||13|42|,|4|123||,0,0,1,24,180081,0,0,0,0,79,T1_4576_tol,8,3,|31||2|,||12|3|,0,0,1,21,151327,0,0,0,0,64,T2_4576_tol,8,3,|2|1|3|,||1|32|,3,0,1,21,113266,7469,1287,0,0,69
T0_4576_tol,9,4,||132|4|,|4|123||,1,0,1,24,186570,6489,6489,0,0,79,T1_4576_tol,8,3,|3|1|2|,||12|3|,1,0,1,21,155136,3809,3809,0,0,64,T2_4576_tol,8,3,||1|32|,||1|32|,4,0,1,24,114161,8364,895,1,4,79
T0_4576_tol,9,4,|4|132||,|4|123||,2,0,1,24,189718,9637,3148,0,0,79,T1_4576_tol,8,3,|3|12||,||12|3|,2,0,1,21,156119,4792,983,0,0,64,T2_4576_tol,9,4,|3|41|2|,|21|43||,0,0,1,24,115405,0,0,0,0,79
T0_4576_tol,9,4,|4|13|2|,|4|123||,3,0,1,24,200081,20000,10363,0,0,79,T1_4576_tol,8,3,||12|3|,||12|3|,3,0,1,24,157252,5925,1133,1,3,74,T2_4576_tol,9,4,||41|23|,|21|43||,1,0,1,24,124080,8675,8675,0,0,79
T0_4576_tol,9,4,|43|1|2|,|4|123||,4,0,1,24,203628,23547,3547,0,0,79,T1_4576_tol,9,4,|32|1|4|,|1|32|4|,0,0,1,24,158912,0,0,0,0,74,T2_4576_tol,9,4,||413|2|,|21|43||,2,0,1,24,128292,12887,4212,0,0,79
T0_4576_tol,9,4,|43|12||,|4|123||,5,0,1,24,206269,26188,2641,0,0,79,T1_4576_tol,9,4,|3|1|42|,|1|32|4|,1,0,1,24,164467,5555,5555,0,0,74,T2_4576_tol,9,4,|2|413||,|21|43||,3,0,1,24,129488,14083,1196,0,0,79
T0_4576_tol,9,4,|4|123||,|4|123||,6,0,1,27,207949,27868,1680,1,4,87,T1_4576_tol,9,4,||1|423|,|1|32|4|,2,0,1,24,166890,7978,2423,0,0,74,T2_4576_tol,9,4,|2|41|3|,|21|43||,4,0,1,24,132001,16596,2513,0,0,79
T0_4576_tol,10,4,|43|2|1|,|421|3||,0,0,1,27,209012,0,0,0,0,87,T1_4576_tol,9,4,|1||423|,|1|32|4|,3,0,1,24,167867,8955,977,0,0,74,T2_4576_tol,9,4,|21|4|3|,|21|43||,5,0,1,24,133605,18200,1604,0,0,79
T0_4576_tol,10,4,|43|21||,|421|3||,1,0,1,27,217916,8904,8904,0,0,87,T1_4576_tol,9,4,|1|3|42|,|1|32|4|,4,0,1,24,169801,10889,1934,0,0,74,T2_4576_tol,9,4,|21|43||,|21|43||,6,0,1,27,134669,19264,1064,1,5,88
T0_4576_tol,10,4,|4|21|3|,|421|3||,2,0,1,27,219909,10897,1993,0,0,87,T1_4576_tol,9,4,|1|32|4|,|1|32|4|,5,0,1,27,171044,12132,1243,1,5,84,T2_4576_tol,10,4,|2||134|,|4|312||,0,0,1,27,135635,0,0,0,0,88
T0_4576_tol,10,4,|4|2|31|,|421|3||,3,0,1,27,225212,16200,5303,0,0,87,T1_4576_tol,10,4,|24|1|3|,|3214|||,0,0,1,27,172111,0,0,0,0,84,T2_4576_tol,10,4,||2|134|,|4|312||,1,0,1,27,140978,5343,5343,0,0,88
T0_4576_tol,10,4,|42||31|,|421|3||,4,0,1,27,228447,19435,3235,0,0,87,T1_4576_tol,10,4,|2|14|3|,|3214|||,1,0,1,27,186961,14850,14850,0,0,84,T2_4576_tol,10,4,|4|2|13|,|4|312||,2,0,1,27,143008,7373,2030,0,0,88
T0_4576_tol,10,4,|421||3|,|421|3||,5,0,1,27,230685,21673,2238,0,0,87,T1_4576_tol,10,4,||142|3|,|3214|||,2,0,1,27,187905,15794,944,0,0,84,T2_4576_tol,10,4,|42||13|,|4|312||,3,0,1,27,146781,11146,3773,0,0,88
T0_4576_tol,10,4,|421|3||,|421|3||,6,0,1,30,232360,23348,1675,1,4,95,T1_4576_tol,10,4,|3|142||,|3214|||,3,0,1,27,190022,17911,2117,0,0,84,T2_4576_tol,10,4,|42|3|1|,|4|312||,4,0,1,27,147987,12352,1206,0,0,88
T0_4576_tol,11,4,|1234|||,|2||341|,0,0,1,30,234247,0,0,0,0,95,T1_4576_tol,10,4,|32|14||,|3214|||,4,0,1,27,191322,19211,1300,0,0,84,T2_4576_tol,10,4,|42|31||,|4|312||,5,0,1,27,148975,13340,988,0,0,88
T0_4576_tol,11,4,|123|4||,|2||341|,1,0,1,30,243378,9131,9131,0,0,95,T1_4576_tol,10,4,|32|1|4|,|3214|||,5,0,1,27,192902,20791,1580,0,0,84,T2_4576_tol,10,4,|4|312||,|4|312||,6,0,1,30,149928,14293,953,1,6,98
T0_4576_tol,11,4,|12|4|3|,|2||341|,2,0,1,30,245128,10881,1750,0,0,95,T1_4576_tol,10,4,|321||4|,|3214|||,6,0,1,27,194057,21946,1155,0,0,84,T2_4576_tol,11,4,|142||3|,|3|2|14|,0,0,1,30,150752,0,0,0,0,98
T0_4576_tol,11,4,|12||34|,|2||341|,3,0,1,30,248261,14014,3133,0,0,95,T1_4576_tol,10,4,|3214|||,|3214|||,7,0,1,30,195935,23824,1878,1,7,94,T2_4576_tol,11,4,|142|3||,|3|2|14|,1,0,1,30,154859,4107,4107,0,0,98
T0_4576_tol,11,4,|1||342|,|2||341|,4,0,1,30,252257,18010,3996,0,0,95,T1_4576_tol,11,4,|12|34||,|4|31|2|,0,0,1,30,196834,0,0,0,0,94,T2_4576_tol,11,4,|14|32||,|3|2|14|,2,0,1,30,157344,6592,2485,0,0,98
T0_4576_tol,11,4,||1|342|,|2||341|,5,0,1,30,255816,21569,3559,0,0,95,T1_4576_tol,11,4,|12|3|4|,|4|31|2|,1,0,1,30,200598,3764,3764,0,0,94,T2_4576_tol,11,4,|1|324||,|3|2|14|,3,0,1,30,158792,8040,1448,0,0,98
T0_4576_tol,11,4,|2|1|34|,|2||341|,6,0,1,30,258629,24382,2813,0,0,95,T1_4576_tol,11,4,|1|3|42|,|4|31|2|,2,0,1,30,204309,7475,3711,0,0,94,T2_4576_tol,11,4,||324|1|,|3|2|14|,4,0,1,30,160309,9557,1517,0,0,98
T0_4576_tol,11,4,|2||341|,|2||341|,7,0,1,33,260044,25797,1415,1,6,104,T1_4576_tol,11,4,||31|42|,|4|31|2|,3,0,1,30,205473,8639,1164,0,0,94,T2_4576_tol,11,4,||32|14|,|3|2|14|,5,0,1,30,162387,11635,2078,0,0,98
T0_4576_tol,12,4,|2|4|13|,|12|43||,0,0,1,33,261097,0,0,0,0,104,T1_4576_tol,11,4,||312|4|,|4|31|2|,4,0,1,30,207577,10743,2104,0,0,94,T2_4576_tol,11,4,||3|142|,|3|2|14|,6,0,1,30,163774,13022,1387,0,0,98
T0_4576_tol,12,4,|23|4|1|,|12|43||,1,0,1,33,270916,9819,9819,0,0,104,T1_4576_tol,11,4,|4|312||,|4|31|2|,5,0,1,30,208726,11892,1149,0,0,94,T2_4576_tol,11,4,|3||142|,|3|2|14|,7,0,1,30,165793,15041,2019,0,0,98
T0_4576_tol,12,4,|231|4||,|12|43||,2,0,1,33,272158,11061,1242,0,0,104,T1_4576_tol,11,4,|4|31|2|,|4|31|2|,6,0,1,33,209589,12755,863,1,4,102,T2_4576_tol,11,4,|3|2|14|,|3|2|14|,8,0,1,33,167035,16283,1242,1,6,106
T0_4576_tol,12,4,|231||4|,|12|43||,3,0,1,33,273933,12836,1775,0,0,104,T1_4576_tol,12,4,|31|2|4|,|3|14|2|,0,0,1,33,210663,0,0,0,0,102,T2_4576_tol,12,4,||4|132|,||23|41|,0,0,1,33,167892,0,0,0,0,106
T0_4576_tol,12,4,|23|1|4|,|12|43||,4,0,1,33,276221,15124,2288,0,0,104,T1_4576_tol,12,4,|314|2||,|3|14|2|,1,0,1,33,213837,3174,3174,0,0,102,T2_4576_tol,12,4,|2|4|13|,||23|41|,1,0,1,33,175236,7344,7344,0,0,106
T0_4576_tol,12,4,|2|1|43|,|12|43||,5,0,1,33,278859,17762,2638,0,0,104,T1_4576_tol,12,4,|314||2|,|3|14|2|,2,0,1,33,215161,4498,1324,0,0,102,T2_4576_tol,12,4,|23|4|1|,||23|41|,2,0,1,33,178033,10141,2797,0,0,106
T0_4576_tol,12,4,||1|432|,|12|43||,6,0,1,33,282667,21570,3808,0,0,104,T1_4576_tol,12,4,|31||24|,|3|14|2|,3,0,1,33,218457,7794,3296,0,0,102,T2_4576_tol,12,4,|23|41||,||23|41|,3,0,1,33,179175,11283,1142,0,0,106
T0_4576_tol,12,4,|1||432|,|12|43||,7,0,1,33,283889,22792,1222,0,0,104,T1_4576_tol,12,4,|3|1|24|,|3|14|2|,4,0,1,33,219268,8605,811,0,0,102,T2_4576_tol,12,4,|231|4||,||23|41|,4,0,1,33,183258,15366,4083,0,0,106
T0_4576_tol,12,4,|12||43|,|12|43||,8,0,1,33,286044,24947,2155,0,0,104,T1_4576_tol,12,4,|3|14|2|,|3|14|2|,5,0,1,36,220243,9580,975,1,5,112,T2_4576_tol,12,4,|231||4|,||23|41|,5,0,1,33,184353,16461,1095,0,0,106
T0_4576_tol,12,4,|123||4|,|12|43||,9,0,1,33,294262,33165,8218,0,0,104,T1_4576_tol,13,4,|12|34||,|43|2|1|,0,0,1,36,221166,0,0,0,0,112,T2_4576_tol,12,4,|23||41|,||23|41|,6,0,1,33,185552,17660,1199,0,0,106
T0_4576_tol,12,4,|123|4||,|12|43||,10,0,1,33,296344,35247,2082,0,0,104,T1_4576_tol,13,4,|1|342||,|43|2|1|,1,0,1,36,225081,3915,3915,0,0,112,T2_4576_tol,12,4,|2||413|,||23|41|,7,0,1,33,187871,19979,2319,0,0,106
T0_4576_tol,12,4,|12|43||,|12|43||,11,0,1,36,298386,37289,2042,1,4,107,T1_4576_tol,13,4,||342|1|,|43|2|1|,2,0,1,36,226772,5606,1691,0,0,112,T2_4576_tol,12,4,||2|413|,||23|41|,8,0,1,33,189152,21260,1281,0,0,106
T0_4576_tol,13,4,|3|4|12|,||1|234|,0,0,1,36,299338,0,0,0,0,107,T1_4576_tol,13,4,||34|12|,|43|2|1|,3,0,1,36,228989,7823,2217,0,0,112,T2_4576_tol,12,4,||23|41|,||23|41|,9,0,1,36,190046,22154,894,1,6,113
T0_4576_tol,13,4,|34||12|,||1|234|,1,0,1,36,307487,8149,8149,0,0,107,T1_4576_tol,13,4,|4|3|12|,|43|2|1|,4,0,1,36,229868,8702,879,0,0,112,T2_4576_tol,13,4,||1|342|,|1|34|2|,0,0,1,36,190723,0,0,0,0,113
T0_4576_tol,13,4,|34|2|1|,||1|234|,2,0,1,36,312255,12917,4768,0,0,107,T1_4576_tol,13,4,|43||12|,|43|2|1|,5,0,1,36,230772,9606,904,0,0,112,T2_4576_tol,13,4,|1||342|,|1|34|2|,1,0,1,36,194506,3783,3783,0,0,113
T0_4576_tol,13,4,|341|2||,||1|234|,3,0,1,36,314354,15016,2099,0,0,107,T1_4576_tol,13,4,|43|2|1|,|43|2|1|,6,0,1,39,232663,11497,1891,1,6,122,T2_4576_tol,13,4,|12||34|,|1|34|2|,2,0,1,36,203625,12902,9119,0,0,113
T0_4576_tol,13,4,|341||2|,||1|234|,4,0,1,36,316554,17216,2200,0,0,107,T1_4576_tol,14,4,|12|3|4|,|4213|||,0,0,1,39,233529,0,0,0,0,122,T2_4576_tol,13,4,|124||3|,|1|34|2|,3,0,1,36,205582,14859,1957,0,0,113
T0_4576_tol,13,4,|34|1|2|,||1|234|,5,0,1,36,318246,18908,1692,0,0,107,T1_4576_tol,14,4,|123||4|,|4213|||,1,0,1,39,243987,10458,10458,0,0,122,T2_4576_tol,13,4,|124|3||,|1|34|2|,4,0,1,36,207012,16289,1430,0,0,113
T0_4576_tol,13,4,|3|14|2|,||1|234|,6,0,1,36,320503,21165,2257,0,0,107,T1_4576_tol,14,4,|123|4||,|4213|||,2,0,1,39,245149,11620,1162,0,0,122,T2_4576_tol,13,4,|12|34||,|1|34|2|,5,0,1,36,207965,17242,953,0,0,113
T0_4576_tol,13,4,||14|23|,||1|234|,7,0,1,36,321687,22349,1184,0,0,107,T1_4576_tol,14,4,|12|4|3|,|4213|||,3,0,1,39,246576,13047,1427,0,0,122,T2_4576_tol,13,4,|1|34|2|,|1|34|2|,6,0,1,39,209016,18293,1051,1,6,123
T0_4576_tol,13,4,||1|234|,||1|234|,8,0,1,39,323794,24456,2107,1,7,116,T1_4576_tol,14,4,|1|4|32|,|4213|||,4,0,1,39,257015,23486,10439,0,0,122,T2_4576_tol,14,4,|2|4|31|,||231|4|,0,0,1,39,209865,0,0,0,0,123
T0_4576_tol,14,4,|234|1||,|231||4|,0,0,1,39,326212,0,0,0,0,116,T1_4576_tol,14,4,||4|321|,|4213|||,5,0,1,39,258491,24962,1476,0,0,122,T2_4576_tol,14,4,|24||31|,||231|4|,1,0,1,39,218048,8183,8183,0,0,123
T0_4576_tol,14,4,|23|1|4|,|231||4|,1,0,1,39,328603,2391,2391,0,0,116,T1_4576_tol,14,4,|4||321|,|4213|||,6,0,1,39,259348,25819,857,0,0,122,T2_4576_tol,14,4,|2||314|,||231|4|,2,0,1,39,220218,10353,2170,0,0,123
T0_4576_tol,14,4,|231||4|,|231||4|,2,0,1,42,331872,5660,3269,1,2,126,T1_4576_tol,14,4,|4|1|32|,|4213|||,7,0,1,39,261857,28328,2509,0,0,122,T2_4576_tol,14,4,||2|314|,||231|4|,3,0,1,39,222181,12316,1963,0,0,123
T0_4576_tol,15,4,|14|2|3|,|13||24|,0,0,1,42,333376,0,0,0,0,126,T1_4576_tol,14,4,|42|1|3|,|4213|||,8,0,1,39,264174,30645,2317,0,0,122,T2_4576_tol,14,4,|4|2|31|,||231|4|,4,0,1,39,224159,14294,1978,0,0,123
T0_4576_tol,15,4,|1|24|3|,|13||24|,1,0,1,42,341354,7978,7978,0,0,126,T1_4576_tol,14,4,|421||3|,|4213|||,9,0,1,39,265093,31564,919,0,0,122,T2_4576_tol,14,4,|41|2|3|,||231|4|,5,0,1,39,225806,15941,1647,0,0,123
T0_4576_tol,15,4,|13|24||,|13||24|,2,0,1,42,343375,9999,2021,0,0,126,T1_4576_tol,14,4,|4213|||,|4213|||,10,0,1,42,266066,32537,973,1,7,129,T2_4576_tol,14,4,|41|23||,||231|4|,6,0,1,39,227275,17410,1469,0,0,123
T0_4576_tol,15,4,|134|2||,|13||24|,3,0,1,42,345222,11846,1847,0,0,126,T1_4576_tol,15,4,|1|42|3|,|124||3|,0,0,1,42,267190,0,0,0,0,129,T2_4576_tol,14,4,|4|231||,||231|4|,7,0,1,39,228269,18404,994,0,0,123
T0_4576_tol,15,4,|134||2|,|13||24|,4,0,1,42,346329,12953,1107,0,0,126,T1_4576_tol,15,4,|1|4|32|,|124||3|,1,0,1,42,278011,10821,10821,0,0,129,T2_4576_tol,14,4,||231|4|,||231|4|,8,0,1,42,229216,19351,947,1,7,132
T0_4576_tol,15,4,|13||24|,|13||24|,5,0,1,45,348277,14901,1948,1,5,136,T1_4576_tol,15,4,|1|4|32|,|124||3|,2,0,1,42,281986,14796,3975,0,0,129,T2_4576_tol,15,4,|||3214|,||3|142|,0,0,1,42,229900,0,0,0,0,132
T0_4576_tol,16,4,||42|31|,|4|32|1|,0,0,1,45,349183,0,0,0,0,136,T1_4576_tol,15,4,|12|4|3|,|124||3|,3,0,1,42,284022,16832,2036,0,0,129,T2_4576_tol,15,4,|4||321|,||3|142|,1,0,1,42,234669,4769,4769,0,0,132
T0_4576_tol,16,4,|1|42|3|,|4|32|1|,1,0,1,45,355666,6483,6483,0,0,136,T1_4576_tol,15,4,|124||3|,|124||3|,4,0,1,45,285464,18274,1442,1,2,137,T2_4576_tol,15,4,|41||32|,||3|142|,2,0,1,42,236853,6953,2184,0,0,132
T0_4576_tol,16,4,|13|42||,|4|32|1|,2,0,1,45,359288,10105,3622,0,0,136,T1_4576_tol,16,4,|1||324|,|13|42||,0,0,1,45,286341,0,0,0,0,137,T2_4576_tol,15,4,|412||3|,||3|142|,3,0,1,42,239522,9622,2669,0,0,132
T0_4576_tol,16,4,|132|4||,|4|32|1|,3,0,1,45,363300,14117,4012,0,0,136,T1_4576_tol,16,4,|1|4|32|,|13|42||,1,0,1,45,289869,3528,3528,0,0,137,T2_4576_tol,15,4,|412|3||,||3|142|,4,0,1,42,240460,10560,938,0,0,132
T0_4576_tol,16,4,|132|4||,|4|32|1|,4,0,1,45,369539,20356,6239,0,0,136,T1_4576_tol,16,4,|1|42|3|,|13|42||,2,0,1,45,291357,5016,1488,0,0,137,T2_4576_tol,15,4,|41|32||,||3|142|,5,0,1,42,242474,12574,2014,0,0,132
T0_4576_tol,16,4,|132||4|,|4|32|1|,5,0,1,45,372368,23185,2829,0,0,136,T1_4576_tol,16,4,|13|42||,|13|42||,3,0,1,48,292560,6219,1203,1,3,147,T2_4576_tol,15,4,|4|32|1|,||3|142|,6,0,1,42,244890,14990,2416,0,0,132
T0_4576_tol,16,4,|13||42|,|4|32|1|,6,0,1,45,374209,25026,1841,0,0,136,T1_4576_tol,17,5,|3254|1||,|4125||3|,0,0,1,48,293369,0,0,0,0,147,T2_4576_tol,15,4,||32|14|,||3|142|,7,0,1,42,246220,16320,1330,0,0,132
T0_4576_tol,16,4,|1|3|42|,|4|32|1|,7,0,1,45,377078,27895,2869,0,0,136,T1_4576_tol,17,5,|325|14||,|4125||3|,1,0,1,48,299480,6111,6111,0,0,147,T2_4576_tol,15,4,||3|142|,||3|142|,8,0,1,45,247729,17829,1509,1,8,142
T0_4576_tol,16,4,|1|32|4|,|4|32|1|,8,0,1,45,378385,29202,1307,0,0,136,T1_4576_tol,17,5,|32|145||,|4125||3|,2,0,1,48,300232,6863,752,0,0,147,T2_4576_tol,16,4,|23|4|1|,||43|12|,0,0,1,45,248368,0,0,0,0,142
T0_4576_tol,16,4,|1|324||,|4|32|1|,9,0,1,45,380541,31358,2156,0,0,136,T1_4576_tol,17,5,|3|1452||,|4125||3|,3,0,1,48,300991,7622,759,0,0,147,T2_4576_tol,16,4,|2|43|1|,||43|12|,1,0,1,45,253635,5267,5267,0,0,142
T0_4576_tol,16,4,||324|1|,|4|32|1|,10,0,1,45,382165,32982,1624,0,0,136,T1_4576_tol,17,5,||1452|3|,|4125||3|,4,0,1,48,302863,9494,1872,0,0,147,T2_4576_tol,16,4,||43|12|,||43|12|,2,0,1,48,255373,7005,1738,1,2,152
T0_4576_tol,16,4,|4|32|1|,|4|32|1|,11,0,1,48,383634,34451,1469,1,7,142,T1_4576_tol,17,5,||145|32|,|4125||3|,5,0,1,48,306938,13569,4075,0,0,147,T2_4576_tol,17,5,|51|423||,||52|134|,0,0,1,48,256283,0,0,0,0,152
T0_4576_tol,17,5,|||21354|,|3|5|421|,0,0,1,48,384692,0,0,0,0,142,T1_4576_tol,17,5,||14|325|,|4125||3|,6,0,1,48,309012,15643,2074,0,0,147,T2_4576_tol,17,5,|5|423|1|,||52|134|,1,0,1,48,261302,5019,5019,0,0,152
T0_4576_tol,17,5,||4|2135|,|3|5|421|,1,0,1,48,390171,5479,5479,0,0,142,T1_4576_tol,17,5,|4|1|325|,|4125||3|,7,0,1,48,310354,16985,1342,0,0,147,T2_4576_tol,17,5,|5|42|13|,||52|134|,2,0,1,48,264550,8267,3248,0,0,152
T0_4576_tol,17,5,||45|213|,|3|5|421|,2,0,1,48,391812,7120,1641,0,0,142,T1_4576_tol,17,5,|41||325|,|4125||3|,8,0,1,48,312031,18662,1677,0,0,147,T2_4576_tol,17,5,|52|4|13|,||52|134|,3,0,1,48,267608,11325,3058,0,0,152
T0_4576_tol,17,5,|3|45|21|,|3|5|421|,3,0,1,48,395566,10874,3754,0,0,142,T1_4576_tol,17,5,|41|5|32|,|4125||3|,9,0,1,48,313823,20454,1792,0,0,147,T2_4576_tol,17,5,|52||134|,||52|134|,4,0,1,48,269252,12969,1644,0,0,152
T0_4576_tol,17,5,|3|45|21|,|3|5|421|,4,0,1,48,397485,12793,1919,0,0,142,T1_4576_tol,17,5,|412|5|3|,|4125||3|,10,0,1,48,315887,22518,2064,0,0,147,T2_4576_tol,17,5,|5||1342|,||52|134|,5,0,1,48,271556,15273,2304,0,0,152
T0_4576_tol,17,5,|35|4|21|,|3|5|421|,5,0,1,48,398718,14026,1233,0,0,142,T1_4576_tol,17,5,|4125||3|,|4125||3|,11,0,1,51,317018,23649,1131,1,10,156,T2_4576_tol,17,5,||5|1342|,||52|134|,6,0,1,48,272413,16130,857,0,0,152
T0_4576_tol,17,5,|354||21|,|3|5|421|,6,0,1,48,400522,15830,1804,0,0,142,T1_4576_tol,18,5,|154|23||,|1|523|4|,0,0,1,51,317795,0,0,0,0,156,T2_4576_tol,17,5,||52|134|,||52|134|,7,0,1,51,273364,17081,951,1,7,162
T0_4576_tol,17,5,|354|1|2|,|3|5|421|,7,0,1,48,406833,22141,6311,0,0,142,T1_4576_tol,18,5,|15|23|4|,|1|523|4|,1,0,1,51,319902,2107,2107,0,0,156,T2_4576_tol,18,5,|42|53|1|,|4|2|315|,0,0,1,51,273992,0,0,0,0,162
T0_4576_tol,17,5,|354|12||,|3|5|421|,8,0,1,48,410361,25669,3528,0,0,142,T1_4576_tol,18,5,|15|2|43|,|1|523|4|,2,0,1,51,324959,7164,5057,0,0,156,T2_4576_tol,18,5,|421|53||,|4|2|315|,1,0,1,51,278137,4145,4145,0,0,162
T0_4576_tol,17,5,|35|12|4|,|3|5|421|,9,0,1,48,412159,27467,1798,0,0,142,T1_4576_tol,18,5,|15||432|,|1|523|4|,3,0,1,51,325859,8064,900,0,0,156,T2_4576_tol,18,5,|421|5|3|,|4|2|315|,2,0,1,51,279650,5658,1513,0,0,162
T0_4576_tol,17,5,|35|1|42|,|3|5|421|,10,0,1,48,414138,29446,1979,0,0,142,T1_4576_tol,18,5,|1|5|432|,|1|523|4|,4,0,1,51,327415,9620,1556,0,0,156,T2_4576_tol,18,5,|42|5|31|,|4|2|315|,3,0,1,51,281992,8000,2342,0,0,162
T0_4576_tol,17,5,|35||421|,|3|5|421|,11,0,1,48,415958,31266,1820,0,0,142,T1_4576_tol,18,5,|1|52|43|,|1|523|4|,5,0,1,51,330480,12685,3065,0,0,156,T2_4576_tol,18,5,|42||315|,|4|2|315|,4,0,1,51,284094,10102,2102,0,0,162
T0_4576_tol,17,5,|3|5|421|,|3|5|421|,12,0,1,51,417566,32874,1608,1,9,149,T1_4576_tol,18,5,|1|523|4|,|1|523|4|,6,0,1,54,332173,14378,1693,1,6,166,T2_4576_tol,18,5,|4|2|315|,|4|2|315|,5,0,1,54,285413,11421,1319,1,5,172
T0_4576_tol,18,5,|524|1|3|,|21|5|43|,0,0,1,51,418378,0,0,0,0,149,T1_4576_tol,19,5,|4|312|5|,|5|1|423|,0,0,1,54,332913,0,0,0,0,166,T2_4576_tol,19,5,|5|1|342|,|154|3|2|,0,0,1,54,286147,0,0,0,0,172
T0_4576_tol,18,5,|5243|1||,|21|5|43|,1,0,1,51,431356,12978,12978,0,0,149,T1_4576_tol,19,5,||3124|5|,|5|1|423|,1,0,1,54,335617,2704,2704,0,0,166,T2_4576_tol,19,5,||1|3425|,|154|3|2|,1,0,1,54,292124,5977,5977,0,0,172
T0_4576_tol,18,5,|524|13||,|21|5|43|,2,0,1,51,438248,19870,6892,0,0,149,T1_4576_tol,19,5,|5|3124||,|5|1|423|,2,0,1,54,338126,5213,2509,0,0,166,T2_4576_tol,19,5,|1||3425|,|154|3|2|,2,0,1,54,293923,7776,1799,0,0,172
T0_4576_tol,18,5,|52|134||,|21|5|43|,3,0,1,51,439246,20868,998,0,0,149,T1_4576_tol,19,5,|5|312|4|,|5|1|423|,3,0,1,54,340116,7203,1990,0,0,166,T2_4576_tol,19,5,|15||342|,|154|3|2|,3,0,1,54,295630,9483,1707,0,0,172
T0_4576_tol,18,5,|5|1342||,|21|5|43|,4,0,1,51,440523,22145,1277,0,0,149,T1_4576_tol,19,5,|5|31|42|,|5|1|423|,4,0,1,54,342165,9252,2049,0,0,166,T2_4576_tol,19,5,|152||34|,|154|3|2|,4,0,1,54,300246,14099,4616,0,0,172
T0_4576_tol,18,5,||1342|5|,|21|5|43|,5,0,1,51,445448,27070,4925,0,0,149,T1_4576_tol,19,5,|51|3|42|,|5|1|423|,5,0,1,54,346059,13146,3894,0,0,166,T2_4576_tol,19,5,|1524||3|,|154|3|2|,5,0,1,54,306071,19924,5825,0,0,172
T0_4576_tol,18,5,||134|52|,|21|5|43|,6,0,1,51,450047,31669,4599,0,0,149,T1_4576_tol,19,5,|51||423|,|5|1|423|,6,0,1,54,346983,14070,924,0,0,166,T2_4576_tol,19,5,|1524|3||,|154|3|2|,6,0,1,54,307861,21714,1790,0,0,172
T0_4576_tol,18,5,|2|134|5|,|21|5|43|,7,0,1,51,453728,35350,3681,0,0,149,T1_4576_tol,19,5,|5|1|423|,|5|1|423|,7,0,1,57,348313,15400,1330,1,7,176,T2_4576_tol,19,5,|152|34||,|154|3|2|,7,0,1,54,309541,23394,1680,0,0,172
T0_4576_tol,18,5,|2|13|54|,|21|5|43|,8,0,1,51,457235,38857,3507,0,0,149,T1_4576_tol,20,5,|5|241|3|,|321||54|,0,0,1,57,349218,0,0,0,0,176,T2_4576_tol,19,5,|15|34|2|,|154|3|2|,8,0,1,54,310903,24756,1362,0,0,172
T0_4576_tol,18,5,|2|1|543|,|21|5|43|,9,0,1,51,459047,40669,1812,0,0,149,T1_4576_tol,20,5,|5|2413||,|321||54|,1,0,1,57,353216,3998,3998,0,0,176,T2_4576_tol,19,5,|154|3|2|,|154|3|2|,9,0,1,57,311944,25797,1041,1,8,181
T0_4576_tol,18,5,|21||543|,|21|5|43|,10,0,1,51,460720,42342,1673,0,0,149,T1_4576_tol,20,5,||2413|5|,|321||54|,2,0,1,57,354628,5410,1412,0,0,176,T2_4576_tol,20,5,|5|3|142|,|31|425||,0,0,1,57,312657,0,0,0,0,181
T0_4576_tol,18,5,|213||54|,|21|5|43|,11,0,1,51,463459,45081,2739,0,0,149,T1_4576_tol,20,5,|3|241|5|,|321||54|,3,0,1,57,356023,6805,1395,0,0,176,T2_4576_tol,20,5,||3|1425|,|31|425||,1,0,1,57,320338,7681,7681,0,0,181
T0_4576_tol,18,5,|2134||5|,|21|5|43|,12,0,1,51,464921,46543,1462,0,0,149,T1_4576_tol,20,5,|31|24|5|,|321||54|,4,0,1,57,359561,10343,3538,0,0,176,T2_4576_tol,20,5,|3||1425|,|31|425||,2,0,1,57,321816,9159,1478,0,0,181
T0_4576_tol,18,5,|2134|5||,|21|5|43|,13,0,1,51,466248,47870,1327,0,0,149,T1_4576_tol,20,5,|31|2|54|,|321||54|,5,0,1,57,360591,11373,1030,0,0,176,T2_4576_tol,20,5,|35||142|,|31|425||,3,0,1,57,324349,11692,2533,0,0,181
T0_4576_tol,18,5,|213|5|4|,|21|5|43|,14,0,1,51,468931,50553,2683,0,0,149,T1_4576_tol,20,5,|3|2|541|,|321||54|,6,0,1,57,363301,14083,2710,0,0,176,T2_4576_tol,20,5,|352||14|,|31|425||,4,0,1,57,328260,15603,3911,0,0,181
T0_4576_tol,18,5,|21|5|43|,|21|5|43|,15,0,1,54,470931,52553,2000,1,8,152,T1_4576_tol,20,5,|32||541|,|321||54|,7,0,1,57,364351,15133,1050,0,0,176,T2_4576_tol,20,5,|352|4|1|,|31|425||,5,0,1,57,329512,16855,1252,0,0,181
T0_4576_tol,19,5,|24|35|1|,|3|1|254|,0,0,1,54,471734,0,0,0,0,152,T1_4576_tol,20,5,|321||54|,|321||54|,8,0,1,60,365786,16568,1435,1,8,186,T2_4576_tol,20,5,|35|42|1|,|31|425||,6,0,1,57,331501,18844,1989,0,0,181
T0_4576_tol,19,5,|24|3|15|,|3|1|254|,1,0,1,54,479487,7753,7753,0,0,152,T1_4576_tol,21,5,|1|324|5|,|1|23|54|,0,0,1,60,366590,0,0,0,0,186,T2_4576_tol,20,5,|3|425|1|,|31|425||,7,0,1,57,332599,19942,1098,0,0,181
T0_4576_tol,19,5,|2|3|154|,|3|1|254|,2,0,1,54,481571,9837,2084,0,0,152,T1_4576_tol,21,5,|1|32|54|,|1|23|54|,1,0,1,60,368997,2407,2407,0,0,186,T2_4576_tol,20,5,|31|425||,|31|425||,8,0,1,60,333596,20939,997,1,8,191
T0_4576_tol,19,5,||3|1542|,|3|1|254|,3,0,1,54,483467,11733,1896,0,0,152,T1_4576_tol,21,5,|1|3|542|,|1|23|54|,2,0,1,60,372165,5575,3168,0,0,186,T2_4576_tol,21,5,||521|34|,|12|4|53|,0,0,1,60,334442,0,0,0,0,191
T0_4576_tol,19,5,|3||1542|,|3|1|254|,4,0,1,54,485371,13637,1904,0,0,152,T1_4576_tol,21,5,|13||542|,|1|23|54|,3,0,1,60,373288,6698,1123,0,0,186,T2_4576_tol,21,5,|1|52|34|,|12|4|53|,1,0,1,60,337521,3079,3079,0,0,191
T0_4576_tol,19,5,|32||154|,|3|1|254|,5,0,1,54,491065,19331,5694,0,0,152,T1_4576_tol,21,5,|13|2|54|,|1|23|54|,4,0,1,60,374293,7703,1005,0,0,186,T2_4576_tol,21,5,|12|5|34|,|12|4|53|,2,0,1,60,338771,4329,1250,0,0,191
T0_4576_tol,19,5,|324||15|,|3|1|254|,6,0,1,54,494384,22650,3319,0,0,152,T1_4576_tol,21,5,|1|23|54|,|1|23|54|,5,0,1,63,375220,8630,927,1,5,196,T2_4576_tol,21,5,|125||34|,|12|4|53|,3,0,1,60,342037,7595,3266,0,0,191
T0_4576_tol,19,5,|3245||1|,|3|1|254|,7,0,1,54,497304,25570,2920,0,0,152,T1_4576_tol,22,5,|1|5234||,|1|4523||,0,0,1,63,376067,0,0,0,0,196,T2_4576_tol,21,5,|125|4|3|,|12|4|53|,4,0,1,60,343324,8882,1287,0,0,191
T0_4576_tol,19,5,|3245|1||,|3|1|254|,8,0,1,54,499542,27808,2238,0,0,152,T1_4576_tol,22,5,|1|523|4|,|1|4523||,1,0,1,63,381796,5729,5729,0,0,196,T2_4576_tol,21,5,|125|43||,|12|4|53|,5,0,1,60,345537,11095,2213,0,0,191
T0_4576_tol,19,5,|324|15||,|3|1|254|,9,0,1,54,502641,30907,3099,0,0,152,T1_4576_tol,22,5,|13|52|4|,|1|4523||,2,0,1,63,385870,9803,4074,0,0,196,T2_4576_tol,21,5,|12|43|5|,|12|4|53|,6,0,1,60,346985,12543,1448,0,0,191
T0_4576_tol,19,5,|32|154||,|3|1|254|,10,0,1,54,504732,32998,2091,0,0,152,T1_4576_tol,22,5,|132|5|4|,|1|4523||,3,0,1,63,387963,11896,2093,0,0,196,T2_4576_tol,21,5,|12|4|53|,|12|4|53|,7,0,1,63,348032,13590,1047,1,7,201
T0_4576_tol,19,5,|3|154|2|,|3|1|254|,11,0,1,54,506495,34761,1763,0,0,152,T1_4576_tol,22,5,|1325||4|,|1|4523||,4,0,1,63,389316,13249,1353,0,0,196,T2_4576_tol,22,5,|21|5|43|,|3|1|542|,0,0,1,63,348672,0,0,0,0,201
T0_4576_tol,19,5,|34|15|2|,|3|1|254|,12,0,1,54,508358,36624,1863,0,0,152,T1_4576_tol,22,5,|1325|4||,|1|4523||,5,0,1,63,390296,14229,980,0,0,196,T2_4576_tol,22,5,|213|5|4|,|3|1|542|,1,0,1,63,356227,7555,7555,0,0,201
T0_4576_tol,19,5,|34|1|25|,|3|1|254|,13,0,1,54,509533,37799,1175,0,0,152,T1_4576_tol,22,5,|132|45||,|1|4523||,6,0,1,63,391866,15799,1570,0,0,196,T2_4576_tol,22,5,|2134|5||,|3|1|542|,2,0,1,63,358880,10208,2653,0,0,201
T0_4576_tol,19,5,|3|1|254|,|3|1|254|,14,0,1,57,511088,39354,1555,1,10,158,T1_4576_tol,22,5,|13|452||,|1|4523||,7,0,1,63,392759,16692,893,0,0,196,T2_4576_tol,22,5,|2134||5|,|3|1|542|,3,0,1,63,359753,11081,873,0,0,201
T0_4576_tol,20,5,|12|35|4|,||42|153|,0,0,1,57,511875,0,0,0,0,158,T1_4576_tol,22,5,|1|4523||,|1|4523||,8,0,1,66,393635,17568,876,1,8,206,T2_4576_tol,22,5,|213||54|,|3|1|542|,4,0,1,63,361148,12476,1395,0,0,201
T0_4576_tol,20,5,|1|35|42|,||42|153|,1,0,1,57,522202,10327,10327,0,0,158,T1_4576_tol,23,5,|312|5|4|,||4251|3|,0,0,1,66,394464,0,0,0,0,206,T2_4576_tol,22,5,|21|3|54|,|3|1|542|,5,0,1,63,364284,15612,3136,0,0,201
T0_4576_tol,20,5,|1|352|4|,||42|153|,2,0,1,57,533159,21284,10957,0,0,158,T1_4576_tol,23,5,|3124|5||,||4251|3|,1,0,1,66,400150,5686,5686,0,0,206,T2_4576_tol,22,5,|2|31|54|,|3|1|542|,6,0,1,63,367603,18931,3319,0,0,201
T0_4576_tol,20,5,|1|3524||,||42|153|,3,0,1,57,534215,22340,1056,0,0,158,T1_4576_tol,23,5,|312|54||,||4251|3|,2,0,1,66,402059,7595,1909,0,0,206,T2_4576_tol,22,5,||31|542|,|3|1|542|,7,0,1,63,368632,19960,1029,0,0,201
T0_4576_tol,20,5,||3524|1|,||42|153|,4,0,1,57,536054,24179,1839,0,0,158,T1_4576_tol,23,5,|31|542||,||4251|3|,3,0,1,66,404089,9625,2030,0,0,206,T2_4576_tol,22,5,||3|5421|,|3|1|542|,8,0,1,63,371525,22853,2893,0,0,201
T0_4576_tol,20,5,|4|352|1|,||42|153|,5,0,1,57,539165,27290,3111,0,0,158,T1_4576_tol,23,5,|3|5421||,||4251|3|,4,0,1,66,405149,10685,1060,0,0,206,T2_4576_tol,22,5,|3||5421|,|3|1|542|,9,0,1,63,372509,23837,984,0,0,201
T0_4576_tol,20,5,|42|35|1|,||42|153|,6,0,1,57,542103,30228,2938,0,0,158,T1_4576_tol,23,5,||5421|3|,||4251|3|,5,0,1,66,406450,11986,1301,0,0,206,T2_4576_tol,22,5,|3|1|542|,|3|1|542|,10,0,1,66,373548,24876,1039,1,9,210
T0_4576_tol,20,5,|42|3|15|,||42|153|,7,0,1,57,544529,32654,2426,0,0,158,T1_4576_tol,23,5,||542|31|,||4251|3|,6,0,1,66,410089,15625,3639,0,0,206,T2_4576_tol,23,5,|235||41|,|3|52|41|,0,0,1,66,374333,0,0,0,0,210
T0_4576_tol,20,5,|42||153|,||42|153|,8,0,1,57,545832,33957,1303,0,0,158,T1_4576_tol,23,5,|2|54|31|,||4251|3|,7,0,1,66,414296,19832,4207,0,0,206,T2_4576_tol,23,5,|23|5|41|,|3|52|41|,1,0,1,66,379598,5265,5265,0,0,210
T0_4576_tol,20,5,|4||1532|,||42|153|,9,0,1,57,548103,36228,2271,0,0,158,T1_4576_tol,23,5,|2|5|314|,||4251|3|,8,0,1,66,420956,26492,6660,0,0,206,T2_4576_tol,23,5,|2|5|413|,|3|52|41|,2,0,1,66,381676,7343,2078,0,0,210
T0_4576_tol,20,5,||4|1532|,||42|153|,10,0,1,57,549114,37239,1011,0,0,158,T1_4576_tol,23,5,|25||314|,||4251|3|,9,0,1,66,422914,28450,1958,0,0,206,T2_4576_tol,23,5,||52|413|,|3|52|41|,3,0,1,66,382915,8582,1239,0,0,210
T0_4576_tol,20,5,||42|153|,||42|153|,11,0,1,60,550455,38580,1341,1,9,166,T1_4576_tol,23,5,|25|4|31|,||4251|3|,10,0,1,66,424455,29991,1541,0,0,206,T2_4576_tol,23,5,|3|52|41|,|3|52|41|,4,0,1,69,383921,9588,1006,1,4,220
T0_4576_tol,21,5,|3|4|152|,|32|1|45|,0,0,1,60,551454,0,0,0,0,166,T1_4576_tol,23,5,|2|4|315|,||4251|3|,11,0,1,66,425700,31236,1245,0,0,206,T2_4576_tol,24,5,|5142|3||,||1452|3|,0,0,1,69,384673,0,0,0,0,220
T0_4576_tol,21,5,|32|4|15|,|32|1|45|,1,0,1,60,557798,6344,6344,0,0,166,T1_4576_tol,23,5,||42|315|,||4251|3|,12,0,1,66,426832,32368,1132,0,0,206,T2_4576_tol,24,5,|5142||3|,||1452|3|,1,0,1,69,387508,2835,2835,0,0,220
T0_4576_tol,21,5,|324||15|,|32|1|45|,2,0,1,60,562469,11015,4671,0,0,166,T1_4576_tol,23,5,||425|31|,||4251|3|,13,0,1,66,428352,33888,1520,0,0,206,T2_4576_tol,24,5,|514||32|,||1452|3|,2,0,1,69,391074,6401,3566,0,0,220
T0_4576_tol,21,5,|3245||1|,|32|1|45|,3,0,1,60,565409,13955,2940,0,0,166,T1_4576_tol,23,5,||4251|3|,||4251|3|,14,0,1,69,429217,34753,865,1,7,209,T2_4576_tol,24,5,|51||324|,||1452|3|,3,0,1,69,392626,7953,1552,0,0,220
T0_4576_tol,21,5,|3245|1||,|32|1|45|,4,0,1,60,566307,14853,898,0,0,166,T1_4576_tol,24,5,|5|431|2|,||231|54|,0,0,1,69,429931,0,0,0,0,209,T2_4576_tol,24,5,|5|1|324|,||1452|3|,4,0,1,69,395412,10739,2786,0,0,220
T0_4576_tol,21,5,|324|15||,|32|1|45|,5,0,1,60,568169,16715,1862,0,0,166,T1_4576_tol,24,5,|5|4312||,||231|54|,1,0,1,69,434216,4285,4285,0,0,209,T2_4576_tol,24,5,|5|14|32|,||1452|3|,5,0,1,69,396300,11627,888,0,0,220
T0_4576_tol,21,5,|32|15|4|,|32|1|45|,6,0,1,60,569318,17864,1149,0,0,166,T1_4576_tol,24,5,||4312|5|,||231|54|,2,0,1,69,435328,5397,1112,0,0,209,T2_4576_tol,24,5,||145|32|,||1452|3|,6,0,1,69,397389,12716,1089,0,0,220
T0_4576_tol,21,5,|32|1|45|,|32|1|45|,7,0,1,63,571398,19944,2080,1,6,175,T1_4576_tol,24,5,||431|52|,||231|54|,3,0,1,69,436304,6373,976,0,0,209,T2_4576_tol,24,5,||1452|3|,||1452|3|,7,0,1,72,398442,13769,1053,1,7,230
T0_4576_tol,22,5,|12|45|3|,|24|35|1|,0,0,1,63,572307,0,0,0,0,175,T1_4576_tol,24,5,||43|521|,||231|54|,4,0,1,69,439146,9215,2842,0,0,209,,,,,,,,,,,,,,,
T0_4576_tol,22,5,|1|452|3|,|24|35|1|,1,0,1,63,579219,6912,6912,0,0,175,T1_4576_tol,24,5,||431|52|,||231|54|,5,0,1,69,441223,11292,2077,0,0,209,,,,,,,,,,,,,,,
T0_4576_tol,22,5,|1|4523||,|24|35|1|,2,0,1,63,581567,9260,2348,0,0,175,T1_4576_tol,24,5,|1|43|52|,||231|54|,6,0,1,69,442387,12456,1164,0,0,209,,,,,,,,,,,,,,,
T0_4576_tol,22,5,||4523|1|,|24|35|1|,3,0,1,63,584056,11749,2489,0,0,175,T1_4576_tol,24,5,|1|43|52|,||231|54|,7,0,1,69,447416,17485,5029,0,0,209,,,,,,,,,,,,,,,
T0_4576_tol,22,5,||452|13|,|24|35|1|,4,0,1,63,586382,14075,2326,0,0,175,T1_4576_tol,24,5,|12|43|5|,||231|54|,8,0,1,69,449095,19164,1679,0,0,209,,,,,,,,,,,,,,,
T0_4576_tol,22,5,|2|45|13|,|24|35|1|,5,0,1,63,588669,16362,2287,0,0,175,T1_4576_tol,24,5,|123|4|5|,||231|54|,9,0,1,69,449945,20014,850,0,0,209,,,,,,,,,,,,,,,
T0_4576_tol,22,5,|2|4|135|,|24|35|1|,6,0,1,63,590135,17828,1466,0,0,175,T1_4576_tol,24,5,|123||54|,||231|54|,10,0,1,69,451177,21246,1232,0,0,209,,,,,,,,,,,,,,,
T0_4576_tol,22,5,|24||135|,|24|35|1|,7,0,1,63,591207,18900,1072,0,0,175,T1_4576_tol,24,5,|12|3|54|,||231|54|,11,0,1,69,454613,24682,3436,0,0,209,,,,,,,,,,,,,,,
T0_4576_tol,22,5,|245||13|,|24|35|1|,8,0,1,63,593947,21640,2740,0,0,175,T1_4576_tol,24,5,|1|3|542|,||231|54|,12,0,1,69,455777,25846,1164,0,0,209,,,,,,,,,,,,,,,
T0_4576_tol,22,5,|245|3|1|,|24|35|1|,9,0,1,63,595145,22838,1198,0,0,175,T1_4576_tol,24,5,||31|542|,||231|54|,13,0,1,69,458786,28855,3009,0,0,209,,,,,,,,,,,,,,,
T0_4576_tol,22,5,|24|35|1|,|24|35|1|,10,0,1,66,596236,23929,1091,1,10,185,T1_4576_tol,24,5,|2|31|54|,||231|54|,14,0,1,69,460186,30255,1400,0,0,209,,,,,,,,,,,,,,,
T0_4576_tol,23,5,|4|235|1|,|53|41|2|,0,0,1,66,597077,0,0,0,0,185,T1_4576_tol,24,5,|2|3|541|,||231|54|,15,0,1,69,462340,32409,2154,0,0,209,,,,,,,,,,,,,,,
T0_4576_tol,23,5,|41|235||,|53|41|2|,1,0,1,66,603690,6613,6613,0,0,185,T1_4576_tol,24,5,|23||541|,||231|54|,16,0,1,69,463277,33346,937,0,0,209,,,,,,,,,,,,,,,
T0_4576_tol,23,5,|415|23||,|53|41|2|,2,0,1,66,604624,7547,934,0,0,185,T1_4576_tol,24,5,|231||54|,||231|54|,17,0,1,69,464354,34423,1077,0,0,209,,,,,,,,,,,,,,,
T0_4576_tol,23,5,|4153|2||,|53|41|2|,3,0,1,66,605587,8510,963,0,0,185,T1_4576_tol,24,5,|23||541|,||231|54|,18,0,1,69,468107,38176,3753,0,0,209,,,,,,,,,,,,,,,
T0_4576_tol,23,5,|4153||2|,|53|41|2|,4,0,1,66,607252,10175,1665,0,0,185,T1_4576_tol,24,5,|2||5413|,||231|54|,19,0,1,69,469293,39362,1186,0,0,209,,,,,,,,,,,,,,,
T0_4576_tol,23,5,|415||23|,|53|41|2|,5,0,1,66,609561,12484,2309,0,0,185,T1_4576_tol,24,5,||2|5413|,||231|54|,20,0,1,69,470570,40639,1277,0,0,209,,,,,,,,,,,,,,,
T0_4576_tol,23,5,|41||235|,|53|41|2|,6,0,1,66,610979,13902,1418,0,0,185,T1_4576_tol,24,5,||23|541|,||231|54|,21,0,1,69,471586,41655,1016,0,0,209,,,,,,,,,,,,,,,
T0_4576_tol,23,5,|4||2351|,|53|41|2|,7,0,1,66,613285,16208,2306,0,0,185,T1_4576_tol,24,5,||231|54|,||231|54|,22,0,1,72,472500,42569,914,1,10,209,,,,,,,,,,,,,,,
T0_4576_tol,23,5,||4|2351|,|53|41|2|,8,0,1,66,614426,17349,1141,0,0,185,,,,,,,,,,,,,,,,,,,,,,,,,,,,,,
T0_4576_tol,23,5,||41|235|,|53|41|2|,9,0,1,66,615805,18728,1379,0,0,185,,,,,,,,,,,,,,,,,,,,,,,,,,,,,,
T0_4576_tol,23,5,|5|41|23|,|53|41|2|,10,0,1,66,617613,20536,1808,0,0,185,,,,,,,,,,,,,,,,,,,,,,,,,,,,,,
T0_4576_tol,23,5,|53|41|2|,|53|41|2|,11,0,1,69,618830,21753,1217,1,7,191,,,,,,,,,,,,,,,,,,,,,,,,,,,,,,
T0_4576_tol,24,5,|3|51|24|,|54|12|3|,0,0,1,69,619827,0,0,0,0,191,,,,,,,,,,,,,,,,,,,,,,,,,,,,,,
T0_4576_tol,24,5,|3|514|2|,|54|12|3|,1,0,1,69,623917,4090,4090,0,0,191,,,,,,,,,,,,,,,,,,,,,,,,,,,,,,
T0_4576_tol,24,5,|3|5142||,|54|12|3|,2,0,1,69,624899,5072,982,0,0,191,,,,,,,,,,,,,,,,,,,,,,,,,,,,,,
T0_4576_tol,24,5,||5142|3|,|54|12|3|,3,0,1,69,627590,7763,2691,0,0,191,,,,,,,,,,,,,,,,,,,,,,,,,,,,,,
T0_4576_tol,24,5,||514|32|,|54|12|3|,4,0,1,69,629384,9557,1794,0,0,191,,,,,,,,,,,,,,,,,,,,,,,,,,,,,,
T0_4576_tol,24,5,||51|324|,|54|12|3|,5,0,1,69,631526,11699,2142,0,0,191,,,,,,,,,,,,,,,,,,,,,,,,,,,,,,
T0_4576_tol,24,5,||5|3241|,|54|12|3|,6,0,1,69,632825,12998,1299,0,0,191,,,,,,,,,,,,,,,,,,,,,,,,,,,,,,
T0_4576_tol,24,5,|5||3241|,|54|12|3|,7,0,1,69,634990,15163,2165,0,0,191,,,,,,,,,,,,,,,,,,,,,,,,,,,,,,
T0_4576_tol,24,5,|5|1|324|,|54|12|3|,8,0,1,69,636370,16543,1380,0,0,191,,,,,,,,,,,,,,,,,,,,,,,,,,,,,,
T0_4576_tol,24,5,|54|1|32|,|54|12|3|,9,0,1,69,637759,17932,1389,0,0,191,,,,,,,,,,,,,,,,,,,,,,,,,,,,,,
T0_4576_tol,24,5,|54|12|3|,|54|12|3|,10,0,1,72,639472,19645,1713,1,9,200,,,,,,,,,,,,,,,,,,,,,,,,,,,,,,
